location_group_id,cluster_id,cluster_name,gemeente_values,site_ids,silhouette_value,distance_to_assigned_centroid,pca_1,pca_2,pca_1_explained_variance_ratio,pca_2_explained_variance_ratio
LG0001,0,cluster_0,Machelen,1,0.6952751952025013,1.0806932354584455,-1.0447296307508713,0.07767569402175457,0.6535150186271345,0.21765012075981113
LG0002,0,cluster_0,Brasschaat,2|3,0.7032049990167039,1.304232172547781,-1.5951539894010047,0.04601304873181108,0.6535150186271345,0.21765012075981113
LG0003,0,cluster_0,Balen,4|5,0.5089178812249665,1.4552728968596056,0.8916980293416921,0.09912188689333443,0.6535150186271345,0.21765012075981113
LG0004,0,cluster_0,Evergem,6|7,0.6665674730510367,1.965989725947481,-2.279144160818481,-0.43586423256706885,0.6535150186271345,0.21765012075981113
LG0005,0,cluster_0,Heist-op-den-Berg,8,0.6677637668389989,1.9798956547039488,-2.241773773582415,0.43104226040571353,0.6535150186271345,0.21765012075981113
LG0006,0,cluster_0,Heist-op-den-Berg,9,0.6650151923030033,1.3429655133289615,-0.8103144741722029,-1.2950271869749248,0.6535150186271345,0.21765012075981113
LG0007,0,cluster_0,Aalst,10,0.6838200501702254,0.6607517730376904,-0.14760732533522333,0.5637233300797139,0.6535150186271345,0.21765012075981113
LG0008,0,cluster_0,Aalst,11,0.6384465107079439,1.00017246345304,0.10367309382882824,0.7270690102115485,0.6535150186271345,0.21765012075981113
LG0009,0,cluster_0,Kraainem,12,0.2317234256821612,3.2866107169490086,1.3636015360701461,2.5647715782709115,0.6535150186271345,0.21765012075981113
LG0010,0,cluster_0,Gent,13,0.6715348832115504,1.8068639899873025,-1.9133886052556173,0.7842901392441708,0.6535150186271345,0.21765012075981113
LG0011,0,cluster_0,Genk,14,0.1982178662705088,2.5253574160733683,1.8153259566255824,-0.7425127437831384,0.6535150186271345,0.21765012075981113
LG0012,0,cluster_0,Oostende,15|18,0.6914774190989099,0.7374492218005925,-0.3653424057449551,-0.4605615640649672,0.6535150186271345,0.21765012075981113
LG0013,0,cluster_0,Kortrijk,16|17,0.6557405649889463,1.5955282765337395,-1.046402994246093,-1.0801801802318254,0.6535150186271345,0.21765012075981113
LG0014,0,cluster_0,Aalst,19,0.671836643932025,0.8176127815308526,-0.11608969009879344,0.6903286722027115,0.6535150186271345,0.21765012075981113
LG0015,0,cluster_0,Brugge,20,0.6584219217900035,1.911181471062517,-1.8560977430684633,0.5194097967198382,0.6535150186271345,0.21765012075981113
LG0016,0,cluster_0,Bilzen,21,0.5470988121609982,1.3733389092686965,0.6985671141863178,-0.7439746745587591,0.6535150186271345,0.21765012075981113
LG0017,0,cluster_0,Tienen,22,0.6282255311907492,0.9926199173143716,0.2866713345474485,-0.6779503108297821,0.6535150186271345,0.21765012075981113
LG0018,0,cluster_0,Tienen,23|24,0.6597461599116266,1.0133808831101636,-0.1727307834004223,-0.868978652876569,0.6535150186271345,0.21765012075981113
LG0019,0,cluster_0,Bree,25,0.4771798727890814,2.164087552161032,0.4701279981013707,-0.8953189700302585,0.6535150186271345,0.21765012075981113
LG0020,0,cluster_0,Zaventem,26,0.544759023513746,2.141291115685796,-0.217071458634938,1.9821918782602796,0.6535150186271345,0.21765012075981113
LG0021,0,cluster_0,Meise,27,0.6329573690349589,2.0593950173741065,-1.5413927280658646,1.690165041179156,0.6535150186271345,0.21765012075981113
LG0022,1,cluster_1,Heers,28|34,0.6974492732886439,1.1937579841817874,5.8624123452947945,-0.2810780423586046,0.6535150186271345,0.21765012075981113
LG0023,0,cluster_0,Tongeren,29,0.58640033657619,1.3537180155945956,0.15460797568606915,0.16582415301876888,0.6535150186271345,0.21765012075981113
LG0024,0,cluster_0,Herk-de-Stad,30|31,0.6433088532757248,1.259635275433054,-0.33714808779053496,0.9512512284439006,0.6535150186271345,0.21765012075981113
LG0025,0,cluster_0,Lummen,32|33,0.4975839484549049,1.482097986002548,0.9921855720360494,-0.003593309814246323,0.6535150186271345,0.21765012075981113
LG0026,0,cluster_0,Lanaken,35|36,0.0736036797547685,2.57587480965836,2.1200190282938207,-0.16307978378600033,0.6535150186271345,0.21765012075981113
LG0027,0,cluster_0,Lommel,37|38,0.4820597570774844,1.7501120641607362,0.8830806175404892,-1.0714281984338245,0.6535150186271345,0.21765012075981113
LG0028,0,cluster_0,Peer,39|40,0.2701894727920227,2.252672547437779,1.5662852797363656,0.7277970537279845,0.6535150186271345,0.21765012075981113
LG0029,0,cluster_0,Maasmechelen,41|42,0.3566728436108599,2.507547834745434,1.2170780193998332,-1.8299623367398692,0.6535150186271345,0.21765012075981113
LG0030,1,cluster_1,Maaseik,43|44,0.4573185597807909,1.9239826317653863,3.8950429858197375,0.9665311819159949,0.6535150186271345,0.21765012075981113
LG0031,0,cluster_0,Pelt,45|46,0.600396470984557,1.4573450721377892,0.031056079078170973,-1.0759259508008538,0.6535150186271345,0.21765012075981113
LG0032,0,cluster_0,Vilvoorde,47,0.5654431247974041,2.3150664432128782,-0.818179935555357,2.1010003952310394,0.6535150186271345,0.21765012075981113
LG0033,1,cluster_1,As,48,0.6839336963806141,1.6710517238201317,6.583132483323789,0.38159488472598496,0.6535150186271345,0.21765012075981113
LG0034,0,cluster_0,Genk,49,0.5260228229473364,1.36171349299857,0.8405054442176191,0.39421505302825965,0.6535150186271345,0.21765012075981113
LG0035,0,cluster_0,Brugge,50|51,0.6735091160127294,1.4731537967849822,-1.2202737142781315,0.21188104966757268,0.6535150186271345,0.21765012075981113
LG0037,0,cluster_0,Brugge,53|54,0.6722797656363073,0.9299990186555444,-0.2639881739921898,0.7120051397551873,0.6535150186271345,0.21765012075981113
LG0038,0,cluster_0,Torhout,55|56,0.6986053983293474,1.0065479582212669,-0.9303586699395662,-0.17850163276887696,0.6535150186271345,0.21765012075981113
LG0039,0,cluster_0,Meulebeke,57|58,0.6881314505661181,0.9348155012853048,-0.6417941442526964,0.3698771865354321,0.6535150186271345,0.21765012075981113
LG0040,0,cluster_0,Ardooie,59|60,0.6567332057068789,1.814424886801059,-1.7099782217167006,-1.0938663012960277,0.6535150186271345,0.21765012075981113
LG0041,0,cluster_0,Wervik,61|62,0.6993640548931565,1.3763759596386371,-1.571837498991774,0.2036144189867938,0.6535150186271345,0.21765012075981113
LG0042,1,cluster_1,Nieuwpoort,63|66,0.6917051666006813,1.0614651159859525,5.223154198024477,-0.6030880350995601,0.6535150186271345,0.21765012075981113
LG0043,1,cluster_1,Nieuwpoort,64,0.6816685357188534,1.2621469009311763,5.368781786643274,-0.21849457752791035,0.6535150186271345,0.21765012075981113
LG0044,1,cluster_1,Nieuwpoort,65,0.2806919617478779,2.1297969580731766,2.987436862460036,0.12001629015486416,0.6535150186271345,0.21765012075981113
LG0045,0,cluster_0,Ieper,67|68,0.6863654113639638,1.3376116214697098,-1.2492896320237936,0.5929909928754398,0.6535150186271345,0.21765012075981113
LG0047,0,cluster_0,Kampenhout,70,0.6103446584293847,1.50159405267756,-0.14473828835849983,1.4139259401716646,0.6535150186271345,0.21765012075981113
LG0048,0,cluster_0,Kampenhout,71,0.6668269546296326,0.7847710517114785,-0.02997516271852683,0.5944719639943187,0.6535150186271345,0.21765012075981113
LG0049,0,cluster_0,Herent,72|73,0.6825352687093982,1.6603268951659431,-1.7762658295629072,0.909736551932765,0.6535150186271345,0.21765012075981113
LG0050,0,cluster_0,Kortrijk,74|75,0.6719501107027126,1.8880149101040655,-2.130028205118025,-0.5576577868533222,0.6535150186271345,0.21765012075981113
LG0051,0,cluster_0,Leuven,76,0.6790357674976712,1.368600086966519,-1.1311001026415493,0.6917977507416588,0.6535150186271345,0.21765012075981113
LG0052,0,cluster_0,Leuven,77|107,0.6993119005026036,0.9829877084151568,-0.9337878193189391,-0.09338824291659634,0.6535150186271345,0.21765012075981113
LG0053,0,cluster_0,Pepingen,78|79,0.6412706726537107,1.2786004384584586,-0.28606112349862883,1.1811371809618714,0.6535150186271345,0.21765012075981113
LG0054,0,cluster_0,Wemmel,80|81,0.6095061880095816,2.40360266419056,-1.9243536088663835,1.4956606659908362,0.6535150186271345,0.21765012075981113
LG0055,0,cluster_0,Beersel,82|83,0.6355574420827532,1.1603324695385724,-0.10705274070854402,0.05378925562330081,0.6535150186271345,0.21765012075981113
LG0056,0,cluster_0,Izegem,84,0.7124664896236487,0.8102232956955436,-0.881186382745166,0.3972757975586613,0.6535150186271345,0.21765012075981113
LG0057,0,cluster_0,Asse,85,0.6896310060697626,0.7193386694188311,-0.36906436309009943,0.5357657998333252,0.6535150186271345,0.21765012075981113
LG0058,0,cluster_0,Asse,86,0.697177101592057,1.0165811641615006,-0.885353637928146,0.7547497204535037,0.6535150186271345,0.21765012075981113
LG0059,0,cluster_0,Aarschot,87,0.6968150380941143,1.2174043038775957,-1.319704090358046,-0.20990054260992674,0.6535150186271345,0.21765012075981113
LG0060,0,cluster_0,Westerlo,88|89,0.3094940823045011,2.317892774582137,1.5604387822282055,-0.5448898591733874,0.6535150186271345,0.21765012075981113
LG0061,0,cluster_0,Brecht,90|91,0.5426919259428852,1.483924929107596,0.6030086628222932,1.0029137492590463,0.6535150186271345,0.21765012075981113
LG0062,0,cluster_0,Nijlen,92|93,0.6729683060811652,0.7184343877734934,-0.03345932194437399,-0.543038542950893,0.6535150186271345,0.21765012075981113
LG0063,0,cluster_0,Herentals,94|110,0.4861340083339365,1.663267575627038,0.9494661767492427,-0.49029001299200087,0.6535150186271345,0.21765012075981113
LG0064,0,cluster_0,Lier,95|96,0.7034138541155516,1.4035290313819968,-1.738474482632923,0.39890954804122375,0.6535150186271345,0.21765012075981113
LG0065,0,cluster_0,Geel,97|98,0.7072001993868509,1.0372663169184368,-1.154675651218548,-0.7241853107438116,0.6535150186271345,0.21765012075981113
LG0066,0,cluster_0,Mechelen,99|100,0.7027375105763413,1.2816752352086576,-1.4481367137415806,-0.6395916978625492,0.6535150186271345,0.21765012075981113
LG0067,0,cluster_0,Diest,101|102,0.1790136197375697,2.9414767445898087,1.8894574577144567,-1.5998773854811223,0.6535150186271345,0.21765012075981113
LG0068,0,cluster_0,Malle,103|104,0.7194913889428131,0.3849358673496751,-0.5981588739429679,0.10019587335792644,0.6535150186271345,0.21765012075981113
LG0069,0,cluster_0,Halle|Sint-Pieters-Leeuw,105|106,0.6286465228654148,1.2285111168157736,-0.27944696268755276,-0.49830671274158544,0.6535150186271345,0.21765012075981113
LG0070,0,cluster_0,Leuven,108,0.6354949256250675,1.2433784040799645,-0.17610141866800344,0.6816258288897197,0.6535150186271345,0.21765012075981113
LG0071,0,cluster_0,Zemst,109,0.6829480827455005,1.2126734205046907,-0.8514356559848241,1.0865432601024603,0.6535150186271345,0.21765012075981113
LG0072,0,cluster_0,Zaventem,111,0.5280137038794659,3.103689366100596,-1.652449279591597,2.571356376597085,0.6535150186271345,0.21765012075981113
LG0073,0,cluster_0,Westerlo,112,0.5638915876189734,2.2994259120559537,-0.8347945811058244,-2.0267469698953877,0.6535150186271345,0.21765012075981113
LG0074,0,cluster_0,Deinze|Nazareth,113|114,0.6863269206532732,1.385655132472816,-1.3279467015683748,0.8281526745980204,0.6535150186271345,0.21765012075981113
LG0075,0,cluster_0,Aalter,115,0.7224114763838265,0.5778899208220328,-0.7810770587990179,-0.04167494892776455,0.6535150186271345,0.21765012075981113
LG0076,0,cluster_0,Melle,116|117,0.5857655682543482,1.436963677646527,0.2561312877566603,1.1064745993291505,0.6535150186271345,0.21765012075981113
LG0077,0,cluster_0,Gent,118|119,0.6710626414522796,1.718013681894168,-1.6968299182389746,-0.8152447121600402,0.6535150186271345,0.21765012075981113
LG0078,0,cluster_0,Zele,120|121,0.6427894239181325,1.265878128971744,-0.3440568090431905,-0.5020462553479931,0.6535150186271345,0.21765012075981113
LG0079,0,cluster_0,Dendermonde,122|125,0.710050381674545,0.7764094306214868,-0.7795308679248351,-0.6141626181891221,0.6535150186271345,0.21765012075981113
LG0080,0,cluster_0,Beveren,123|124,0.6525272799062366,0.9361082967168746,0.05095782625388384,-0.6214530222168384,0.6535150186271345,0.21765012075981113
LG0081,0,cluster_0,Hamme,126,0.660318570435026,1.1909173197992102,-0.6316692048196076,0.5279198665691796,0.6535150186271345,0.21765012075981113
LG0082,0,cluster_0,Westerlo,127,0.540960603630847,2.4208118379375274,-0.7095959184239012,-1.7665414243330286,0.6535150186271345,0.21765012075981113
LG0083,0,cluster_0,Lokeren,128|129,0.6836335640794544,1.0953262010712026,-0.6852365149746507,-0.6986355504035912,0.6535150186271345,0.21765012075981113
LG0084,0,cluster_0,Deinze,131,0.1799374466181714,2.4800529213594125,1.8633070564971197,0.24279502287578136,0.6535150186271345,0.21765012075981113
LG0085,0,cluster_0,Lille,132|133,0.6384593993767848,0.9756438228613806,0.19752188495011624,-0.7547024128240298,0.6535150186271345,0.21765012075981113
LG0086,0,cluster_0,Dessel,134|135,0.7161969749920157,0.8370562758564217,-0.9696805352921297,-0.2174128013068844,0.6535150186271345,0.21765012075981113
LG0087,0,cluster_0,Gent,136,0.3820702493781408,5.395470686742646,-2.534168936583367,-4.52055358082202,0.6535150186271345,0.21765012075981113
LG0088,0,cluster_0,Hasselt,137|138,0.6596514614803018,0.8488116203773403,0.06320534102855312,-0.5978664349429155,0.6535150186271345,0.21765012075981113
LG0089,1,cluster_1,Houthalen-Helchteren,139,0.6916912340698501,0.6034934405233907,4.919541753319156,0.5047374977530499,0.6535150186271345,0.21765012075981113
LG0090,0,cluster_0,Hasselt,140,0.499209244463556,2.0248190712737344,0.5604033341411355,-1.5900017519335021,0.6535150186271345,0.21765012075981113
LG0092,0,cluster_0,Kortrijk,143,0.6806462383750682,1.321778972207316,-1.0321987005009396,-0.7667810267513352,0.6535150186271345,0.21765012075981113
